,Matricula,Idade,Sexo,Prova1,Prova2,HorasEstudo
0,1,24,F,8.9,8.2,1.7
1,2,37,NF,9.9,2.1,5.4
2,3,46,M,,3.8,1.1
3,4,32,M,8.8,9.7,0.0
4,5,28,M,5.2,3.4,5.5
5,6,25,,9.1,3.0,4.2
6,7,46,M,5.7,9.2,13.4
7,8,38,M,6.6,,5.0
8,9,24,M,5.4,7.6,5.9
9,10,43,F,8.6,9.9,14.8
10,11,36,NF,7.3,9.0,6.5
11,12,40,M,5.2,6.5,2.9
12,13,28,F,8.7,3.1,5.9
13,14,28,F,2.5,2.5,1.5
14,15,41,NF,1.6,8.2,7.8
15,16,38,M,1.6,8.8,0.0
16,17,21,NF,3.3,5.3,1.7
17,18,25,M,2.4,2.4,1.9
18,19,41,F,9.3,1.1,8.9
19,20,20,F,1.1,0.9,0.1
20,21,39,F,7.0,7.2,7.1
21,22,38,F,1.9,4.2,1.5
22,23,19,NF,8.8,9.1,6.3
23,24,41,M,9.6,7.4,2.6
24,25,29,M,4.7,1.9,5.6
25,26,47,NF,8.8,6.1,7.5
26,27,23,M,0.1,4.4,0.9
27,28,19,F,8.2,5.8,9.8
28,29,49,M,2.3,7.4,8.2
29,30,45,F,9.1,8.1,0.9
30,31,38,NF,0.0,8.4,4.2
31,32,18,M,5.6,2.5,4.9
32,33,29,NF,7.6,0.3,1.2
33,34,43,M,2.6,7.4,3.0
34,35,39,F,1.9,1.1,1.5
35,36,46,NF,0.8,3.1,0.6
36,37,29,M,3.3,0.0,2.3
37,38,42,F,5.6,6.8,0.0
38,39,34,NF,1.2,1.7,0.3
39,40,44,NF,3.8,6.6,6.7
40,41,44,M,0.1,9.9,2.5
41,42,48,M,8.2,0.7,7.6
42,43,27,M,1.3,0.8,0.0
43,44,49,F,2.8,3.4,1.6
44,45,45,M,0.2,8.7,2.2
45,46,45,NF,4.3,2.2,4.9
46,47,33,NF,8.4,3.6,2.4
47,48,32,M,3.9,0.7,3.7
48,49,47,M,1.8,7.6,4.2
49,50,47,NF,7.5,4.1,9.9
50,51,32,F,7.9,7.6,4.6
51,52,47,M,1.7,9.0,1.1
52,53,36,M,7.7,2.3,6.0
53,54,29,NF,9.5,8.1,12.3
54,55,40,M,1.7,0.6,2.1
55,56,37,F,7.7,9.0,15.0
56,57,49,NF,7.1,6.5,1.4
57,58,42,M,4.7,8.7,2.0
58,59,20,NF,0.6,0.0,0.1
59,60,22,M,0.7,1.7,0.0
60,61,36,M,8.5,3.9,1.9
61,62,24,M,9.9,3.8,7.5
62,63,38,F,6.8,2.3,4.1
63,64,26,F,4.5,3.8,7.9
64,65,24,NF,6.5,1.3,4.7
65,66,35,M,5.9,4.1,6.5
66,67,21,M,3.8,8.0,2.4
67,68,42,F,0.7,4.8,0.8
68,69,45,M,8.2,0.2,5.5
69,70,31,F,3.7,4.2,3.6
70,71,35,M,8.2,0.3,6.8
71,72,43,NF,2.5,9.7,5.5
72,73,26,M,0.0,1.3,0.4
73,74,43,M,1.6,7.1,6.5
74,75,38,F,4.7,9.7,0.0
75,76,19,M,9.4,8.3,14.2
76,77,37,M,1.0,7.0,3.2
77,78,45,F,8.5,8.4,4.2
78,79,32,NF,5.3,9.8,13.6
79,80,45,NF,8.3,6.2,8.7
80,81,24,F,3.0,5.6,0.9
81,82,29,F,8.4,6.3,4.4
82,83,46,F,7.7,5.3,5.2
83,84,25,F,2.3,6.4,1.7
84,85,32,F,1.3,4.5,2.6
85,86,20,NF,8.7,2.2,8.7
86,87,31,NF,9.6,1.2,6.0
87,88,34,F,0.3,0.7,0.7
88,89,21,M,7.3,2.6,1.0
89,90,35,F,9.1,0.5,3.8
90,91,25,M,8.6,5.7,10.0
91,92,21,F,9.6,2.8,2.5
92,93,19,F,7.6,8.2,9.5
93,94,47,NF,4.4,0.7,3.4
94,95,23,M,3.1,2.3,5.1
95,96,39,M,3.2,7.3,7.4
96,97,27,NF,7.2,6.0,9.9
97,98,21,NF,7.5,0.6,4.9
98,99,39,NF,2.0,8.8,8.6
99,100,46,NF,8.7,8.8,6.1
100,101,48,M,7.1,3.3,0.5
101,102,35,M,5.6,3.4,1.8
102,103,43,F,4.7,9.9,3.7
103,104,29,F,5.4,6.3,6.4
104,105,19,NF,1.6,5.3,5.9
105,106,27,NF,2.0,8.4,0.0
106,107,47,NF,0.9,2.9,3.0
107,108,21,F,1.5,4.3,2.9
108,109,31,F,4.5,2.7,3.2
109,110,48,F,5.3,7.9,11.9
110,111,33,F,0.2,5.7,3.8
111,112,32,F,8.0,6.6,6.6
112,113,25,F,2.9,2.5,3.8
113,114,31,F,9.1,2.2,10.2
114,115,40,NF,9.7,4.9,2.2
115,116,45,NF,1.9,7.4,0.5
116,117,42,NF,4.6,5.3,3.9
117,118,47,NF,0.0,0.3,0.2
118,119,25,F,6.0,8.7,7.3
119,120,38,M,6.1,0.6,4.4
120,121,33,F,2.5,9.6,3.6
121,122,30,M,5.6,0.3,4.1
122,123,35,NF,2.3,6.9,8.3
123,124,32,F,1.6,0.8,1.7
124,125,38,NF,6.5,9.1,5.5
125,126,41,F,3.3,4.6,4.0
126,127,43,NF,5.9,1.4,2.9
127,128,42,M,4.3,3.4,5.4
128,129,45,M,9.8,1.6,0.0
129,130,45,M,1.5,1.7,0.0
130,131,45,F,4.6,9.5,12.7
131,132,30,M,6.8,4.5,1.1
132,133,26,F,4.0,7.9,5.3
133,134,46,M,9.7,6.4,5.7
134,135,32,M,7.2,6.8,9.8
135,136,30,F,6.6,1.3,3.5
136,137,18,F,7.6,2.3,0.0
137,138,42,M,9.5,7.9,14.8
138,139,24,F,9.1,9.7,0.9
139,140,26,M,7.2,2.6,8.9
140,141,41,F,7.5,2.7,6.1
141,142,18,NF,1.5,4.7,0.0
142,143,29,NF,1.0,9.8,0.5
143,144,25,NF,5.7,2.7,6.3
144,145,41,NF,0.2,4.1,3.0
145,146,48,NF,4.8,8.9,8.2
146,147,28,M,2.1,0.0,1.6
147,148,36,NF,3.5,0.4,3.1
148,149,34,NF,7.8,6.0,4.1
149,150,25,NF,9.4,9.1,14.8
150,151,20,NF,0.7,2.4,0.9
151,152,20,F,5.3,4.7,6.0
152,153,18,M,8.8,4.5,2.7
153,154,44,NF,0.8,4.7,4.4
154,155,22,NF,8.2,6.2,1.4
155,156,27,NF,3.6,4.7,2.5
156,157,24,M,3.2,4.5,6.2
157,158,43,F,9.8,4.7,4.4
158,159,26,M,2.0,5.9,0.0
159,160,45,F,6.9,5.4,9.8
160,161,24,NF,8.2,8.5,13.4
161,162,26,NF,0.4,0.5,0.5
162,163,25,M,6.7,8.3,1.5
163,164,29,M,9.5,8.4,12.6
164,165,19,F,1.2,2.8,2.0
165,166,18,F,9.0,4.6,10.2
166,167,33,M,5.9,4.4,4.1
167,168,40,F,6.2,2.2,0.0
168,169,40,M,6.1,4.0,7.6
169,170,47,F,3.0,0.4,1.4
170,171,41,M,9.4,2.8,10.9
171,172,22,M,9.5,8.2,9.7
172,173,20,M,6.3,2.8,8.2
173,174,29,F,7.8,8.2,6.4
174,175,25,F,6.1,5.3,3.4
175,176,39,F,4.8,8.8,8.9
176,177,44,M,6.6,5.7,11.1
177,178,20,F,5.5,0.3,5.2
178,179,18,F,6.0,6.8,0.6
179,180,20,M,7.8,0.4,3.3
180,181,22,NF,4.8,4.5,5.6
181,182,32,M,0.4,9.3,6.8
182,183,31,F,1.6,1.7,0.3
183,184,20,M,4.4,3.9,4.1
184,185,18,NF,7.2,7.3,9.5
185,186,22,M,5.9,8.8,5.2
186,187,43,F,6.5,6.7,11.2
187,188,40,NF,4.8,2.6,6.6
188,189,48,F,6.2,6.7,9.7
189,190,31,NF,3.3,3.0,0.3
190,191,24,NF,4.7,7.2,4.2
191,192,44,M,7.4,9.5,4.2
192,193,26,M,8.7,7.2,8.8
193,194,32,F,4.3,8.6,9.1
194,195,32,M,0.4,0.0,0.2
195,196,43,M,1.6,7.2,1.3
196,197,27,NF,0.2,8.3,6.0
197,198,45,M,6.5,0.4,6.6
198,199,30,NF,3.3,8.7,9.6
199,200,36,NF,5.4,2.6,4.8
200,201,48,NF,4.9,6.7,9.8
201,202,49,F,0.8,8.0,0.4
202,203,24,F,4.0,6.6,6.4
203,204,34,F,2.2,0.9,1.9
204,205,37,NF,4.2,6.0,7.1
205,206,46,F,2.0,5.5,7.2
206,207,49,F,8.4,9.0,7.8
207,208,21,M,1.7,4.0,0.6
208,209,47,F,9.6,3.2,11.5
209,210,22,F,4.2,7.5,1.2
210,211,40,NF,8.5,4.1,8.2
211,212,24,NF,6.3,6.5,4.5
212,213,30,NF,7.4,6.5,2.1
213,214,32,NF,7.7,8.9,15.7
214,215,28,NF,5.0,6.0,5.5
215,216,46,NF,5.4,5.0,5.2
216,217,21,F,5.1,1.4,3.3
217,218,30,NF,5.9,1.2,0.4
218,219,49,NF,0.3,1.5,1.5
219,220,24,M,4.0,1.7,2.3
220,221,44,F,6.1,6.4,0.6
221,222,36,F,6.0,7.4,9.4
222,223,39,F,7.9,5.3,9.9
223,224,45,NF,6.6,8.3,2.2
224,225,19,NF,9.9,9.9,6.9
225,226,27,NF,2.8,8.2,4.4
226,227,30,M,3.6,6.9,2.1
227,228,47,NF,3.8,5.3,6.9
228,229,42,M,4.7,4.5,5.5
229,230,38,F,8.4,0.8,2.8
230,231,23,NF,2.4,4.0,6.0
231,232,45,M,7.8,9.1,13.5
232,233,45,M,4.1,8.1,1.2
233,234,29,NF,6.0,2.2,1.6
234,235,29,F,6.3,4.7,9.9
235,236,37,F,3.7,8.2,6.5
236,237,47,F,5.1,0.7,1.7
237,238,47,M,4.1,3.9,3.2
238,239,28,M,0.7,8.5,2.3
239,240,49,M,4.4,4.0,6.7
240,241,43,M,1.0,0.8,1.3
241,242,40,F,4.1,5.4,0.9
242,243,45,NF,5.9,8.6,2.2
243,244,42,M,5.8,5.9,5.3
244,245,24,M,6.6,2.3,1.8
245,246,47,F,1.0,3.8,2.2
246,247,18,NF,6.5,4.5,6.1
247,248,18,NF,3.1,5.8,4.0
248,249,42,F,4.0,7.6,7.0
249,250,44,F,8.6,1.0,4.8
250,251,47,NF,0.1,8.9,6.7
251,252,42,M,5.9,0.1,2.1
252,253,37,NF,6.0,3.7,3.4
253,254,30,F,4.0,0.3,1.5
254,255,26,M,2.4,3.9,3.8
255,256,20,M,2.3,5.3,0.4
256,257,24,F,8.8,5.1,7.7
257,258,23,F,4.4,1.7,2.7
258,259,25,F,3.3,6.5,5.4
259,260,44,NF,4.5,0.4,2.5
260,261,26,NF,6.7,7.6,10.0
261,262,47,M,1.5,9.5,8.2
262,263,22,F,4.5,3.4,6.3
263,264,18,M,5.9,5.2,0.6
264,265,36,M,9.5,3.8,11.3
265,266,27,M,2.5,0.1,1.4
266,267,29,M,3.6,3.9,6.7
267,268,41,F,3.8,7.9,10.0
268,269,32,M,6.1,6.0,9.6
269,270,44,F,3.6,1.0,1.1
270,271,39,F,5.3,8.5,9.7
271,272,49,NF,7.8,5.3,1.3
272,273,49,F,7.1,8.4,3.9
273,274,41,NF,4.5,5.8,1.0
274,275,26,F,8.6,5.6,0.0
275,276,37,F,5.6,1.1,4.0
276,277,34,F,5.4,1.7,4.6
277,278,47,NF,0.3,9.7,6.0
278,279,34,NF,9.9,2.3,1.8
279,280,43,M,1.2,9.8,3.3
280,281,37,NF,2.3,5.3,3.4
281,282,29,NF,0.5,1.4,0.6
282,283,47,NF,6.4,1.0,5.2
283,284,24,NF,2.2,2.1,3.0
284,285,19,M,1.8,9.3,1.7
285,286,20,NF,0.9,4.1,1.3
286,287,34,F,1.0,4.0,4.7
287,288,22,F,5.8,3.1,1.8
288,289,34,NF,6.9,1.5,7.9
289,290,41,NF,4.0,4.9,4.9
290,291,34,F,4.8,1.3,0.0
291,292,44,F,6.9,8.4,5.3
292,293,34,M,0.2,3.7,0.0
293,294,19,F,3.2,3.7,1.4
294,295,19,F,9.7,4.7,3.6
295,296,45,NF,5.8,4.4,1.0
296,297,39,F,2.5,9.9,8.7
297,298,40,M,5.2,5.5,2.1
298,299,22,F,3.4,0.9,2.8
299,300,49,NF,5.3,6.1,9.7
300,301,18,NF,1.3,1.5,2.1
301,302,18,F,1.3,0.3,0.4
302,303,36,NF,1.4,9.7,7.2
303,304,47,M,9.4,7.7,6.0
304,305,19,M,7.3,9.8,5.1
305,306,38,F,1.6,4.8,2.2
306,307,29,F,1.9,5.3,4.3
307,308,43,F,7.3,1.7,2.2
308,309,49,NF,1.6,2.5,3.4
309,310,23,M,2.3,8.4,0.5
310,311,49,M,9.6,3.6,4.6
311,312,40,NF,2.6,8.3,5.4
312,313,21,M,6.6,7.1,0.0
313,314,40,F,9.8,1.8,2.9
314,315,28,F,3.7,5.1,6.6
315,316,41,F,0.2,6.8,6.6
316,317,44,M,2.4,2.4,2.6
317,318,34,F,8.3,8.3,8.3
318,319,48,NF,8.6,5.4,6.3
319,320,23,NF,7.7,1.7,0.9
320,321,41,M,1.1,5.8,4.2
321,322,22,NF,8.0,10.0,1.8
322,323,37,NF,9.2,1.5,7.5
323,324,19,M,6.0,8.2,10.6
324,325,23,F,9.4,2.1,6.9
325,326,39,F,8.3,7.8,12.9
326,327,28,F,6.7,7.3,1.4
327,328,48,M,5.8,3.0,8.3
328,329,33,NF,3.5,3.3,3.4
329,330,33,F,1.6,7.9,8.6
330,331,18,F,6.0,4.6,5.3
331,332,26,M,3.2,7.3,7.9
332,333,45,F,8.7,1.5,1.0
333,334,44,M,9.9,8.5,4.6
334,335,23,NF,7.5,7.1,9.5
335,336,33,M,0.9,9.1,8.5
336,337,46,M,2.9,1.3,3.4
337,338,20,M,1.1,5.9,1.1
338,339,37,M,6.5,6.0,8.7
339,340,45,NF,7.7,3.5,5.6
340,341,44,NF,9.3,4.6,1.4
341,342,21,F,4.4,0.4,0.5
342,343,36,NF,9.0,7.5,12.4
343,344,43,NF,8.8,5.5,2.9
344,345,20,F,3.2,0.6,1.7
345,346,48,NF,8.7,6.8,13.9
346,347,36,M,3.8,4.7,1.3
347,348,37,M,3.0,0.3,3.0
348,349,49,F,6.5,9.7,8.1
349,350,24,F,3.3,9.5,0.6
350,351,37,F,6.3,5.1,5.1
351,352,26,M,6.1,0.9,3.5
352,353,18,NF,5.6,7.5,12.5
353,354,25,M,3.8,4.9,6.5
354,355,49,F,5.5,3.0,7.7
355,356,24,NF,6.0,4.9,5.4
356,357,35,NF,5.5,5.2,6.9
357,358,25,M,4.4,5.6,0.5
358,359,18,F,0.1,4.4,0.9
359,360,28,M,5.9,6.1,2.4
360,361,45,NF,1.7,9.2,9.8
361,362,42,M,6.4,3.6,5.5
362,363,42,M,7.6,7.3,12.6
363,364,35,F,5.0,8.9,2.1
364,365,40,F,5.4,4.6,8.0
365,366,48,NF,9.5,4.4,6.3
366,367,47,M,8.5,6.0,13.8
367,368,27,M,9.1,5.9,3.8
368,369,20,M,8.1,8.1,10.5
369,370,24,NF,1.1,4.8,2.9
370,371,45,NF,1.5,10.0,5.7
371,372,33,F,5.3,0.6,5.0
372,373,43,F,2.5,0.0,2.1
373,374,33,F,4.8,6.4,5.6
374,375,42,M,3.9,3.0,3.8
375,376,37,M,5.5,2.4,1.6
376,377,45,F,7.5,3.1,4.2
377,378,34,M,7.2,2.6,3.9
378,379,19,F,5.2,0.3,2.5
379,380,18,NF,8.2,9.7,16.1
380,381,33,F,4.3,2.2,0.0
381,382,47,NF,9.0,7.3,4.9
382,383,29,M,0.7,7.6,1.3
383,384,22,F,9.5,9.3,0.0
384,385,22,M,6.5,0.3,4.8
385,386,49,NF,3.8,8.7,4.4
386,387,44,NF,2.0,5.3,4.0
387,388,40,NF,4.8,6.3,9.4
388,389,26,M,1.9,6.4,5.9
389,390,26,M,1.7,8.2,7.9
390,391,20,M,6.2,3.3,6.2
391,392,36,M,5.2,7.3,8.2
392,393,33,NF,6.7,5.3,10.2
393,394,33,NF,9.3,7.9,16.4
394,395,20,F,5.3,9.9,12.9
395,396,37,F,5.8,2.0,5.9
396,397,41,M,0.9,9.9,0.0
397,398,39,NF,7.2,0.9,4.0
398,399,41,NF,4.0,0.0,2.8
399,400,18,NF,9.8,0.4,5.6
400,401,41,F,8.2,3.4,4.1
401,402,37,F,5.2,6.3,11.0
402,403,28,NF,1.2,0.7,0.5
403,404,34,NF,8.6,0.1,0.9
404,405,25,NF,8.0,9.4,10.4
405,406,21,F,1.8,8.2,6.0
406,407,23,NF,3.0,8.1,0.6
407,408,25,NF,7.9,8.8,3.4
408,409,37,M,1.9,7.0,7.1
409,410,47,M,9.2,1.0,2.6
410,411,20,F,4.2,4.0,0.4
411,412,33,NF,0.9,7.2,1.2
412,413,47,NF,8.2,2.8,5.5
413,414,42,M,3.7,6.9,3.7
414,415,20,F,5.3,0.2,3.0
415,416,42,M,1.1,3.1,1.5
416,417,46,M,0.0,5.5,2.8
417,418,35,M,6.4,6.3,12.1
418,419,49,M,5.2,5.8,3.8
419,420,31,NF,5.9,7.0,4.5
420,421,35,NF,7.9,0.1,6.4
421,422,19,M,6.5,1.0,7.1
422,423,39,F,1.7,8.7,9.9
423,424,20,F,3.6,6.8,7.8
424,425,33,F,9.1,1.1,6.6
425,426,46,F,7.7,8.4,8.1
426,427,26,M,5.6,2.4,2.4
427,428,21,NF,2.6,4.8,5.5
428,429,18,F,3.0,1.5,2.7
429,430,21,M,7.3,7.1,10.1
430,431,18,F,8.5,6.7,11.4
431,432,31,F,6.7,2.1,3.5
432,433,38,M,8.1,8.6,1.7
433,434,33,NF,7.7,4.0,10.5
434,435,37,NF,1.5,2.9,4.2
435,436,41,M,4.2,1.5,1.2
436,437,49,NF,1.5,2.7,1.9
437,438,25,M,2.4,0.2,2.1
438,439,24,M,8.7,5.8,10.2
439,440,20,M,4.7,8.4,4.6
440,441,34,NF,5.4,5.5,7.6
441,442,49,M,1.8,2.2,2.6
442,443,18,F,3.1,0.3,3.3
443,444,33,NF,2.3,2.1,1.3
444,445,29,NF,2.1,4.2,3.4
445,446,44,NF,6.4,7.6,11.2
446,447,36,NF,2.6,1.9,3.6
447,448,39,F,6.3,7.2,6.1
448,449,40,NF,0.6,8.7,8.3
449,450,39,NF,1.4,4.5,3.9
450,451,31,M,2.7,8.2,5.5
451,452,47,NF,6.0,5.5,0.6
452,453,23,F,6.8,6.4,11.2
453,454,23,F,4.4,5.3,2.9
454,455,30,F,4.5,4.6,5.0
455,456,36,F,7.2,2.3,0.5
456,457,39,NF,0.2,3.0,3.0
457,458,25,NF,3.4,2.9,5.4
458,459,44,F,8.2,5.6,3.5
459,460,44,F,6.0,1.2,3.3
460,461,19,NF,3.4,9.2,11.9
461,462,38,F,9.1,7.2,11.4
462,463,47,M,7.7,4.0,2.3
463,464,18,F,2.6,1.6,4.0
464,465,45,F,6.5,8.8,1.5
465,466,32,M,6.0,8.2,2.8
466,467,49,M,4.0,7.2,3.9
467,468,18,NF,3.7,2.7,2.2
468,469,22,NF,3.4,4.0,2.6
469,470,45,M,6.2,1.0,4.0
470,471,46,M,4.4,1.9,2.2
471,472,33,NF,8.3,7.8,8.1
472,473,36,F,6.7,7.2,9.0
473,474,21,M,0.7,5.9,2.3
474,475,20,NF,6.4,9.0,6.9
475,476,49,F,2.7,5.8,2.6
476,477,34,M,5.9,4.7,8.5
477,478,49,F,6.8,3.4,1.5
478,479,34,NF,2.3,9.4,7.0
479,480,29,M,4.6,0.8,0.8
480,481,45,F,1.9,9.3,2.2
481,482,47,M,0.5,8.3,1.3
482,483,46,F,3.8,1.3,4.3
483,484,31,NF,3.6,5.6,2.3
484,485,38,NF,10.0,8.7,0.9
485,486,23,M,4.5,5.7,5.1
486,487,20,F,3.3,9.1,8.1
487,488,45,M,5.8,9.4,3.0
488,489,26,M,0.9,4.2,1.3
489,490,22,F,9.6,3.8,6.0
490,491,41,F,6.3,9.4,5.5
491,492,46,F,7.5,6.8,9.3
492,493,34,NF,1.7,1.2,0.3
493,494,31,M,4.1,0.4,2.5
494,495,38,M,4.2,5.6,7.4
495,496,48,NF,8.2,9.3,14.0
496,497,20,F,0.0,8.4,0.0
497,498,45,NF,3.0,6.8,4.4
498,499,18,NF,9.8,1.4,5.0
499,500,37,NF,4.7,2.5,0.4
500,501,48,M,3.8,8.8,5.0
501,502,46,NF,1.2,1.8,1.8
502,503,38,M,9.7,2.8,9.4
503,504,49,M,0.2,1.3,1.3
504,505,40,M,7.4,6.8,12.7
505,506,18,F,7.7,9.4,9.4
506,507,49,M,2.4,2.7,1.8
507,508,20,M,6.7,4.8,9.2
508,509,49,F,0.9,6.3,5.1
509,510,35,M,2.6,10.0,5.7
510,511,42,NF,7.9,1.0,6.2
511,512,27,NF,8.6,5.0,9.5
512,513,48,M,6.1,3.9,3.0
513,514,39,F,5.1,8.7,8.2
514,515,43,NF,1.6,4.8,5.1
515,516,20,F,0.6,1.1,0.7
516,517,25,F,1.2,6.3,2.6
517,518,31,NF,2.3,7.7,9.5
518,519,41,F,3.4,0.0,2.9
519,520,35,NF,3.8,8.6,7.4
520,521,49,F,3.5,1.9,4.0
521,522,32,NF,2.4,5.5,3.2
522,523,39,M,5.1,4.2,5.1
523,524,40,NF,8.3,7.2,8.5
524,525,19,NF,2.8,3.7,1.6
525,526,48,NF,9.4,8.7,16.3
526,527,44,NF,8.7,7.3,4.8
527,528,27,F,1.6,6.5,0.8
528,529,19,M,7.9,8.0,11.9
529,530,43,NF,5.7,7.5,11.3
530,531,34,F,5.7,0.4,4.5
531,532,25,M,3.9,3.9,2.4
532,533,18,M,5.0,9.3,2.1
533,534,26,M,4.0,1.3,1.8
534,535,28,M,5.4,7.4,7.7
535,536,39,NF,6.3,9.7,9.6
536,537,33,NF,6.7,0.5,5.8
537,538,24,F,5.3,6.8,9.7
538,539,46,F,7.2,4.7,2.4
539,540,27,F,1.4,5.8,1.8
540,541,40,M,2.1,0.9,2.7
541,542,43,M,8.2,0.4,5.2
542,543,20,NF,3.2,6.7,6.4
543,544,35,M,0.2,8.2,1.3
544,545,42,M,1.5,7.8,2.8
545,546,41,M,2.2,5.4,2.7
546,547,30,F,9.6,1.0,6.3
547,548,45,F,5.7,6.9,3.2
548,549,43,NF,9.3,2.4,2.9
549,550,24,M,5.8,9.1,1.5
550,551,42,M,4.8,8.4,1.3
551,552,21,NF,3.1,7.1,6.1
552,553,30,M,6.1,9.5,0.8
553,554,37,M,1.4,0.3,1.3
554,555,18,F,9.0,7.4,4.1
555,556,25,NF,8.3,3.3,4.1
556,557,49,NF,3.2,9.1,4.3
557,558,31,NF,9.5,2.7,3.0
558,559,33,NF,8.3,7.2,10.1
559,560,31,F,6.7,8.8,1.5
560,561,29,F,1.2,0.4,0.7
561,562,36,M,4.8,4.0,0.9
562,563,40,M,5.1,7.6,7.0
563,564,32,M,2.3,4.5,5.5
564,565,45,M,0.8,2.7,0.7
565,566,19,F,7.8,2.2,9.5
566,567,19,NF,1.2,1.3,1.0
567,568,49,F,5.9,8.6,13.8
568,569,40,M,9.4,5.8,4.5
569,570,48,F,8.8,0.8,1.4
570,571,39,NF,2.8,3.8,4.0
571,572,36,NF,8.5,3.7,7.3
572,573,42,F,0.0,1.8,0.8
573,574,43,F,0.2,4.4,3.9
574,575,48,F,6.0,3.3,7.5
575,576,47,M,3.6,3.4,6.7
576,577,46,F,3.9,7.4,10.7
577,578,39,F,5.6,2.2,4.7
578,579,43,F,1.9,6.4,6.7
579,580,43,NF,2.1,5.7,1.2
580,581,39,NF,4.8,5.7,0.0
581,582,34,M,7.5,6.6,0.0
582,583,37,M,6.2,5.5,8.2
583,584,27,NF,3.0,8.8,7.1
584,585,23,NF,4.3,6.8,8.8
585,586,32,NF,1.7,5.5,2.5
586,587,39,F,0.7,8.3,7.7
587,588,28,F,7.8,6.1,8.3
588,589,45,NF,2.7,2.9,3.6
589,590,22,F,1.8,2.1,1.3
590,591,18,F,6.9,1.5,3.0
591,592,25,M,6.2,9.0,10.6
592,593,38,NF,6.3,7.1,8.1
593,594,45,NF,2.3,9.4,3.5
594,595,29,F,2.3,6.0,1.7
595,596,29,NF,2.2,4.7,5.6
596,597,22,M,1.7,0.6,1.8
597,598,24,M,6.6,6.7,0.7
598,599,21,M,8.5,5.8,12.2
599,600,23,NF,7.2,9.9,13.7
600,601,30,NF,7.9,2.4,3.1
601,602,49,NF,4.0,5.3,5.6
602,603,37,NF,6.5,6.5,11.1
603,604,47,NF,3.5,6.4,6.5
604,605,32,M,5.3,5.6,9.2
605,606,20,F,4.8,7.8,7.6
606,607,40,M,1.8,2.0,1.9
607,608,25,NF,3.9,7.3,8.3
608,609,37,M,9.6,6.2,12.7
609,610,33,NF,2.5,9.0,4.0
610,611,30,NF,1.3,8.5,8.8
611,612,35,M,4.2,3.2,7.0
612,613,45,NF,7.9,2.8,7.5
613,614,27,F,5.8,9.8,6.3
614,615,47,NF,6.8,5.3,11.5
615,616,36,F,1.9,9.1,4.9
616,617,34,F,6.2,1.6,4.3
617,618,41,NF,3.2,6.4,9.2
618,619,48,M,8.3,8.1,0.0
619,620,36,F,6.3,9.5,15.0
620,621,45,M,2.0,3.4,2.1
621,622,43,F,0.6,7.2,5.5
622,623,40,NF,0.4,5.4,0.0
623,624,43,NF,3.7,0.6,2.4
624,625,22,F,2.7,6.9,1.0
625,626,43,NF,6.5,6.9,6.7
626,627,38,F,5.0,9.3,0.7
627,628,47,NF,2.7,5.0,5.7
628,629,40,M,1.5,2.3,1.5
629,630,48,NF,1.3,0.4,1.2
630,631,26,M,8.6,4.2,7.0
631,632,29,NF,2.4,3.0,0.0
632,633,38,M,6.5,7.6,8.5
633,634,18,NF,8.1,3.5,7.6
634,635,43,M,6.1,9.5,5.5
635,636,43,F,8.6,9.6,6.4
636,637,18,F,3.9,6.2,5.6
637,638,32,M,9.6,9.3,0.0
638,639,19,NF,1.3,7.6,4.5
639,640,49,M,1.0,5.5,2.3
640,641,47,NF,6.6,1.8,3.8
641,642,39,F,9.4,4.6,12.6
642,643,33,NF,8.1,5.6,6.8
643,644,42,F,0.8,8.6,2.8
644,645,25,NF,2.8,4.8,3.8
645,646,30,NF,9.3,9.0,14.6
646,647,38,NF,2.5,6.7,0.0
647,648,18,M,7.8,1.4,3.2
648,649,33,M,8.3,9.9,4.6
649,650,46,F,5.0,5.3,8.7
650,651,24,F,3.9,3.9,1.9
651,652,49,M,4.5,6.6,2.2
652,653,48,F,2.3,1.1,2.0
653,654,22,M,8.9,6.4,13.7
654,655,39,NF,4.5,5.0,3.3
655,656,46,F,8.8,4.1,5.2
656,657,40,F,1.1,9.5,8.5
657,658,20,M,9.9,5.2,1.5
658,659,29,F,4.4,2.2,6.0
659,660,43,F,0.5,4.6,2.5
660,661,33,NF,0.4,9.2,7.7
661,662,36,F,7.5,1.8,8.3
662,663,22,NF,6.6,2.1,0.4
663,664,39,M,8.0,0.1,2.9
664,665,42,F,1.1,0.1,1.1
665,666,46,NF,0.4,8.3,2.6
666,667,31,M,5.1,7.3,9.9
667,668,45,F,3.9,3.6,1.9
668,669,22,M,4.6,7.0,10.4
669,670,32,F,9.9,4.0,3.5
670,671,34,M,9.7,9.5,1.0
671,672,47,M,9.4,9.7,4.8
672,673,31,NF,7.8,3.9,2.4
673,674,47,M,3.5,8.5,10.9
674,675,37,F,4.1,7.7,11.3
675,676,22,F,5.5,3.1,1.3
676,677,29,NF,8.3,2.3,8.5
677,678,33,F,0.7,4.6,2.6
678,679,43,F,4.2,7.8,1.8
679,680,43,F,0.8,9.6,6.3
680,681,33,M,5.1,7.6,12.1
681,682,38,M,9.0,8.6,14.0
682,683,24,F,7.8,6.0,5.5
683,684,21,NF,2.3,8.4,1.6
684,685,18,M,9.8,7.8,11.4
685,686,47,NF,6.7,3.8,9.4
686,687,47,F,0.1,5.5,0.6
687,688,22,F,2.6,8.0,6.9
688,689,40,M,2.6,0.5,1.1
689,690,43,F,0.7,8.1,0.0
690,691,27,M,9.6,1.8,5.1
691,692,39,F,4.8,5.1,8.4
692,693,22,F,9.0,8.1,12.8
693,694,21,M,3.2,2.5,2.0
694,695,19,M,1.3,2.5,0.0
695,696,37,M,4.7,4.0,4.8
696,697,48,F,1.1,8.9,3.5
697,698,27,F,4.9,0.0,3.6
698,699,43,NF,9.2,9.0,15.5
699,700,36,M,5.2,1.5,1.0
700,701,43,F,6.2,9.9,4.0
701,702,49,F,1.6,9.5,6.1
702,703,18,M,0.4,4.9,2.2
703,704,41,NF,1.1,5.1,4.4
704,705,22,M,6.0,4.8,8.1
705,706,30,NF,1.0,6.4,4.0
706,707,21,F,3.8,0.9,3.0
707,708,33,NF,5.5,0.3,3.5
708,709,41,F,3.9,0.6,0.2
709,710,33,M,1.6,4.4,0.6
710,711,40,M,2.7,2.8,2.5
711,712,19,M,9.3,6.2,6.2
712,713,34,NF,6.8,9.9,15.9
713,714,45,F,5.0,3.9,3.1
714,715,49,M,0.1,5.7,2.6
715,716,49,M,9.9,4.2,12.7
716,717,44,F,6.7,8.5,1.5
717,718,37,M,3.2,9.0,2.4
718,719,41,F,8.8,8.8,1.8
719,720,29,F,2.6,9.7,9.2
720,721,35,F,5.4,0.3,4.6
721,722,20,F,6.4,8.4,10.3
722,723,45,F,2.2,7.5,1.0
723,724,18,NF,9.8,2.3,6.6
724,725,18,M,7.5,9.6,6.8
725,726,46,NF,5.6,1.5,3.9
726,727,36,M,1.8,6.8,6.0
727,728,28,NF,0.5,2.2,0.1
728,729,22,F,3.2,4.3,6.4
729,730,29,M,7.5,7.2,14.0
730,731,20,M,2.7,5.6,4.6
731,732,18,NF,5.4,4.3,1.5
732,733,18,NF,7.3,3.3,7.9
733,734,25,M,1.1,8.4,7.1
734,735,27,NF,6.9,1.4,0.0
735,736,28,NF,0.9,4.3,0.3
736,737,29,NF,9.7,9.0,1.9
737,738,46,F,4.9,8.5,12.7
738,739,30,F,1.5,4.0,4.4
739,740,29,NF,3.4,7.6,10.5
740,741,48,NF,4.1,8.2,0.0
741,742,31,F,7.6,8.9,15.6
742,743,19,F,7.4,5.4,3.2
743,744,46,M,6.1,2.0,5.7
744,745,36,M,1.1,2.6,2.3
745,746,35,F,1.5,3.0,4.2
746,747,20,NF,0.9,5.9,4.8
747,748,40,NF,5.8,0.3,4.0
748,749,34,NF,8.8,6.4,3.0
749,750,43,NF,4.3,3.6,2.0
750,751,25,M,1.6,3.0,3.6
751,752,46,F,5.6,8.8,7.2
752,753,43,NF,8.1,4.6,9.5
753,754,27,M,7.4,1.0,4.6
754,755,43,NF,8.8,8.3,12.0
755,756,47,F,2.8,0.5,0.5
756,757,19,M,1.9,7.3,7.8
757,758,36,F,8.8,7.7,1.7
758,759,26,F,6.6,3.5,3.5
759,760,24,M,3.1,8.2,1.1
760,761,21,M,7.4,5.2,4.4
761,762,43,M,8.2,4.6,10.9
762,763,38,M,6.1,0.5,3.0
763,764,35,M,6.9,2.9,9.3
764,765,30,M,3.8,9.3,10.5
765,766,28,M,5.4,3.9,3.3
766,767,46,NF,5.2,5.5,5.4
767,768,41,F,8.5,5.3,2.8
768,769,21,M,8.4,5.9,8.6
769,770,42,NF,8.3,0.6,1.8
770,771,38,NF,0.1,3.6,2.2
771,772,46,NF,7.5,7.2,3.7
772,773,42,F,7.6,2.0,1.9
773,774,21,M,6.8,2.0,3.5
774,775,27,NF,7.6,0.1,5.7
775,776,22,F,8.4,4.4,0.6
776,777,26,F,4.7,8.8,0.0
777,778,41,F,5.0,0.5,1.9
778,779,49,NF,1.2,1.9,2.8
779,780,20,M,3.9,3.1,3.5
780,781,34,NF,6.4,7.3,7.6
781,782,20,NF,7.8,6.4,7.8
782,783,33,M,2.2,4.2,1.9
783,784,21,M,1.4,7.6,5.4
784,785,35,M,6.6,6.1,4.5
785,786,34,F,0.0,9.0,3.6
786,787,24,M,1.8,8.2,3.0
787,788,49,NF,0.3,2.5,2.0
788,789,41,M,1.7,2.7,0.2
789,790,40,NF,1.8,1.3,2.9
790,791,47,F,3.9,3.4,4.0
791,792,49,NF,4.0,10.0,0.0
792,793,22,NF,8.7,4.1,4.5
793,794,29,M,5.1,2.2,1.5
794,795,34,M,7.2,7.6,10.4
795,796,40,NF,1.0,5.4,0.0
796,797,30,M,2.3,1.5,0.0
797,798,40,F,7.0,3.8,4.9
798,799,42,F,0.5,4.1,2.1
799,800,20,M,4.9,7.5,8.7
800,801,26,F,6.0,0.2,5.0
801,802,47,M,6.0,2.7,2.2
802,803,34,NF,0.2,5.2,0.5
803,804,34,NF,3.2,2.7,3.5
804,805,47,F,6.4,6.3,9.5
805,806,37,M,1.5,4.8,2.2
806,807,33,M,7.0,3.6,7.4
807,808,42,F,7.5,9.5,13.6
808,809,39,NF,9.8,6.3,12.9
809,810,30,F,2.1,1.3,2.0
810,811,44,NF,8.3,5.6,11.1
811,812,36,M,5.2,7.8,3.3
812,813,34,NF,3.7,7.1,8.7
813,814,21,F,1.2,1.7,2.2
814,815,29,M,7.4,9.7,11.1
815,816,46,F,2.4,4.5,4.1
816,817,26,F,3.7,1.6,1.3
817,818,36,NF,0.6,1.8,0.2
818,819,29,F,8.0,1.0,5.8
819,820,26,NF,7.7,8.0,10.2
820,821,24,M,7.3,1.2,6.0
821,822,45,NF,3.0,1.3,1.5
822,823,31,M,1.7,8.5,7.2
823,824,48,NF,6.4,3.4,5.9
824,825,49,F,5.0,0.3,4.2
825,826,37,NF,1.8,0.5,0.2
826,827,36,NF,6.9,1.4,2.1
827,828,43,M,9.9,2.1,2.4
828,829,32,F,7.5,6.7,11.3
829,830,33,NF,7.4,1.6,0.4
830,831,38,F,9.5,1.2,7.5
831,832,22,NF,2.0,7.6,1.9
832,833,20,NF,5.7,6.7,11.7
833,834,29,F,9.8,4.4,3.5
834,835,42,NF,1.7,5.5,1.8
835,836,37,F,7.0,3.1,8.6
836,837,44,NF,5.9,4.8,9.1
837,838,38,M,5.9,5.1,1.6
838,839,21,F,7.0,3.9,8.7
839,840,38,NF,9.3,9.1,11.9
840,841,40,NF,7.8,0.2,5.2
841,842,33,M,0.6,7.8,5.0
842,843,42,F,8.5,1.2,2.9
843,844,24,NF,2.3,8.0,5.6
844,845,30,M,3.8,6.2,6.9
845,846,38,NF,4.6,8.4,11.7
846,847,27,F,4.8,1.0,2.9
847,848,43,NF,4.4,5.6,7.0
848,849,24,NF,9.4,5.0,7.9
849,850,31,NF,7.1,7.1,1.4
850,851,48,NF,6.3,5.3,9.3
851,852,43,M,0.5,5.4,0.6
852,853,22,M,9.0,4.3,12.0
853,854,20,F,9.1,3.1,11.6
854,855,40,M,7.8,4.8,1.9
855,856,46,M,0.1,1.2,0.1
856,857,28,F,0.6,9.6,7.6
857,858,28,M,2.3,7.1,5.2
858,859,35,M,1.3,9.5,3.8
859,860,32,F,4.0,2.3,5.0
860,861,29,F,9.2,8.8,5.4
861,862,26,F,4.7,8.1,6.4
862,863,27,NF,0.1,6.8,5.9
863,864,43,NF,2.8,6.3,0.0
864,865,29,F,0.4,3.2,0.4
865,866,34,F,0.4,8.2,1.3
866,867,46,F,2.8,5.0,4.7
867,868,23,NF,2.8,0.7,0.9
868,869,24,NF,7.9,3.1,7.1
869,870,31,M,9.7,9.4,3.8
870,871,30,M,3.7,8.5,9.2
871,872,25,F,4.3,9.8,9.9
872,873,27,NF,8.4,6.3,10.3
873,874,26,NF,2.7,2.5,0.8
874,875,35,NF,1.6,1.6,1.1
875,876,44,F,8.5,1.9,7.8
876,877,43,M,0.5,0.2,0.5
877,878,19,F,6.2,3.9,1.5
878,879,22,M,5.6,1.9,4.5
879,880,46,M,3.5,4.1,4.5
880,881,22,F,3.2,9.3,0.6
881,882,23,M,7.7,4.3,1.2
882,883,36,M,0.9,8.8,3.4
883,884,25,NF,2.4,6.1,5.9
884,885,33,M,7.3,2.5,4.9
885,886,30,F,5.5,3.6,3.6
886,887,18,F,1.3,0.8,0.6
887,888,39,M,8.8,3.3,7.3
888,889,37,NF,3.9,6.8,0.5
889,890,34,NF,8.3,0.7,3.1
890,891,48,M,7.9,2.1,3.0
891,892,24,M,6.2,3.8,5.5
892,893,42,F,4.9,9.8,13.3
893,894,30,M,9.8,7.8,5.3
894,895,21,NF,1.4,7.3,4.0
895,896,21,M,7.3,1.2,6.3
896,897,23,F,1.9,7.8,1.0
897,898,45,F,3.4,7.9,5.1
898,899,48,F,3.1,6.0,2.3
899,900,36,F,9.5,9.9,16.5
900,901,46,F,9.7,3.3,11.0
901,902,29,M,1.8,9.4,2.2
902,903,39,M,0.2,9.1,2.8
903,904,24,M,7.2,0.1,0.4
904,905,44,M,4.2,4.5,4.3
905,906,27,F,0.9,9.8,6.4
906,907,43,NF,6.8,1.0,1.6
907,908,36,M,5.5,5.5,2.7
908,909,24,NF,9.8,9.8,12.7
909,910,47,M,2.3,5.6,4.3
910,911,20,M,4.0,1.9,0.9
911,912,30,NF,5.4,5.8,2.8
912,913,30,F,7.9,2.0,4.5
913,914,35,M,5.5,5.2,9.1
914,915,45,M,6.1,0.7,4.8
915,916,47,M,2.3,6.1,2.9
916,917,43,NF,8.5,5.2,5.5
917,918,37,F,4.3,7.4,2.3
918,919,45,NF,1.4,6.3,3.5
919,920,25,NF,6.6,5.5,11.5
920,921,46,F,2.2,6.9,2.3
921,922,48,NF,1.0,1.4,1.8
922,923,26,F,8.6,6.0,1.5
923,924,24,M,4.6,1.7,2.8
924,925,18,F,7.5,9.3,8.4
925,926,20,M,2.9,0.7,1.8
926,927,30,NF,7.9,4.3,9.7
927,928,45,NF,1.1,7.0,1.2
928,929,47,M,3.6,4.6,1.2
929,930,42,NF,9.8,0.9,8.6
930,931,48,F,7.9,5.5,5.4
931,932,45,M,5.0,6.4,10.2
932,933,34,NF,3.4,7.0,2.1
933,934,42,M,8.7,3.7,3.1
934,935,41,F,5.4,5.6,1.1
935,936,18,F,7.6,4.5,0.0
936,937,23,NF,7.5,6.7,13.5
937,938,38,F,0.2,5.8,4.5
938,939,23,M,1.3,5.3,3.3
939,940,43,F,6.6,2.5,5.5
940,941,29,M,1.6,0.0,0.7
941,942,30,M,2.6,1.7,0.4
942,943,49,F,9.5,1.2,4.3
943,944,30,NF,5.6,4.5,5.6
944,945,46,F,7.5,6.1,8.9
945,946,32,M,5.6,2.1,0.0
946,947,38,M,5.5,9.4,12.7
947,948,33,F,0.9,0.1,0.8
948,949,39,NF,3.4,7.7,4.5
949,950,38,NF,2.8,6.3,3.6
950,951,28,M,3.9,3.7,3.4
951,952,45,M,8.0,0.5,7.6
952,953,22,NF,3.7,6.3,7.0
953,954,21,F,4.5,3.9,1.7
954,955,20,M,4.0,9.4,9.3
955,956,36,M,0.9,5.4,6.0
956,957,37,NF,4.4,9.4,0.7
957,958,42,F,2.0,2.2,2.5
958,959,35,NF,1.9,7.3,6.8
959,960,32,F,0.9,6.2,5.0
960,961,26,F,3.6,7.4,4.9
961,962,34,F,7.6,2.1,6.3
962,963,31,M,2.8,6.6,4.2
963,964,32,NF,3.1,5.0,5.3
964,965,48,NF,6.4,7.4,5.5
965,966,18,F,2.0,3.3,3.4
966,967,38,M,9.0,8.9,1.8
967,968,39,M,5.2,0.8,5.7
968,969,39,NF,4.5,8.1,9.4
969,970,20,M,5.6,8.6,0.7
970,971,33,M,1.7,8.2,4.4
971,972,40,F,6.1,5.1,1.1
972,973,42,M,3.6,4.4,4.0
973,974,28,F,9.0,10.0,9.5
974,975,29,NF,1.7,2.3,2.4
975,976,27,M,5.1,5.5,3.2
976,977,49,NF,6.0,6.7,10.2
977,978,33,NF,0.3,7.0,0.4
978,979,25,M,3.6,2.0,3.1
979,980,23,M,7.3,6.5,6.2
980,981,29,NF,8.2,8.2,13.9
981,982,41,M,3.1,0.5,1.8
982,983,45,F,8.0,9.1,12.8
983,984,38,F,9.7,0.3,8.0
984,985,25,M,8.6,3.6,10.9
985,986,43,NF,1.2,0.2,1.1
986,987,45,M,7.4,0.8,0.8
987,988,21,M,3.2,9.1,9.2
988,989,43,NF,9.9,3.5,3.4
989,990,25,NF,4.9,4.2,5.0
990,991,43,F,1.2,2.2,1.7
991,992,45,NF,7.3,6.0,9.3
992,993,35,F,3.2,5.9,6.4
993,994,45,NF,10.0,3.7,10.3
994,995,45,M,9.8,3.3,5.9
995,996,22,F,6.6,8.8,8.5
996,997,26,F,1.3,3.8,3.1
997,998,21,F,6.9,4.9,1.8
998,999,49,M,0.9,2.8,1.1
999,1000,44,M,0.3,7.9,0.4
